{
    "learning_rate": 1.662437094931839e-05,
    "ent_coef": 0.005881828846265331,
    "gamma": 0.98,
    "n_steps": 2048,
    "batch_size": 256,
    "gae_lambda": 0.95
}