{
    "learning_rate": 1.317699253554415e-05,
    "ent_coef": 0.03710500479389933,
    "gamma": 0.9,
    "n_steps": 1024,
    "batch_size": 64,
    "gae_lambda": 0.95
}