{
    "learning_rate": 1.904818538438805e-05,
    "ent_coef": 0.004155156167645438,
    "gamma": 0.98,
    "n_steps": 1024,
    "batch_size": 128,
    "gae_lambda": 0.9
}