{
    "learning_rate": 0.00035693946764272974,
    "ent_coef": 0.0010198549811297987,
    "gamma": 0.9,
    "n_steps": 2048,
    "batch_size": 64,
    "gae_lambda": 0.95
}