{
    "learning_rate": 5.047712816493415e-05,
    "ent_coef": 0.00946294166694554,
    "gamma": 0.99,
    "n_steps": 4096,
    "batch_size": 128,
    "gae_lambda": 0.95
}